物料编码,Week_101,Week_102,Week_103,Week_104,Week_105,Week_106,Week_107,Week_108,Week_109,Week_110
6004020503,27.92132333684583,27.92132333684583,27.92132333684583,27.92132333684583,27.92132333684583,27.92132333684583,27.92132333684583,27.92132333684583,27.92132333684583,27.92132333684583
6004020918,19.957929407610724,19.957929407610724,19.957929407610724,19.957929407610724,19.957929407610724,19.957929407610724,19.957929407610724,19.957929407610724,19.957929407610724,19.957929407610724
6004010256,7.569655631935456,7.569655631935456,7.569655631935456,7.569655631935456,7.569655631935456,7.569655631935456,7.569655631935456,7.569655631935456,7.569655631935456,7.569655631935456
6004010372,131.76006975702404,132.5580278288232,132.91979592455257,133.08380974897892,133.15816825355827,133.19187996793733,133.2071637568301,133.21409292691897,133.2172343860465,133.21865862088606
6004020900,7.546502026898646,7.546502026898646,7.546502026898646,7.546502026898646,7.546502026898646,7.546502026898646,7.546502026898646,7.546502026898646,7.546502026898646,7.546502026898646
6004010174,6.986365245463084,3.9866086019496203,8.599605508771392,7.969862822758993,6.084765044771441,7.212218806964226,7.5984604100113184,6.899280319606313,7.026813580182776,7.2983694691196055
