物料编码,Week_101,Week_102,Week_103,Week_104,Week_105,Week_106,Week_107,Week_108,Week_109,Week_110
6004020503,29.008059623338582,32.490932186372056,30.973778819951,27.966898782076225,29.40264966215794,30.997345147829932,31.547192505050877,29.391562909510895,29.6163000425818,34.23761642650698
6004020918,17.414377401808864,19.366383824484696,20.1387045063689,20.424675562351037,19.177756004306968,19.154485383732982,22.084393200639827,19.306061785885362,19.224231504312648,21.914298121696973
6004010256,7.164569940027988,9.913535397860622,8.042414220563984,9.042090849078338,8.183222215126143,8.704461195174948,10.05844962666443,9.371627011666739,9.692613953805058,9.947064010699567
6004010372,132.24724074742625,142.85991490325077,139.2167411263299,129.86600150991416,147.14630460723896,150.6524777982254,136.03827932772964,141.80549421308535,158.297673990223,135.50737482981788
6004020900,7.301253900211255,7.8895664107210575,7.821727935858155,7.705304615399506,8.166917503077482,8.193852402086188,8.450704349857205,8.552621756523514,9.683289067835792,9.27916315604751
6004010174,5.613588453126989,3.6899490123677814,10.829124045565422,10.39523683808105,3.130640813870229,6.858997789247862,8.073716525699613,3.251039937834566,5.9055647469311925,5.696735660189537
